id,first_name,last_name,email,gender,job_title
1,Donnell,Marciek,dmarciek0@bravesites.com,Male,Biostatistician IV
2,Gamaliel,McCrone,gmccrone1@ucoz.com,Male,Research Assistant IV
3,Beatriz,Zavattiero,bzavattiero2@youtube.com,Female,Sales Representative
4,Zulema,Kenwin,zkenwin3@sogou.com,Female,Librarian
5,Farlay,Riglar,friglar4@aboutads.info,Male,Senior Developer
6,Darren,Pirrey,dpirrey5@statcounter.com,Male,Data Coordinator
7,Ashlen,Nisen,anisen6@creativecommons.org,Female,Marketing Assistant
8,Shay,Bedow,sbedow7@paginegialle.it,Non-binary,Computer Systems Analyst III
9,Bamby,McNeill,bmcneill8@cargocollective.com,Female,Recruiting Manager
10,Goraud,Mulqueeny,gmulqueeny9@example.com,Male,Nuclear Power Engineer
11,Adaline,Elner,aelnera@hc360.com,Female,Occupational Therapist
12,Tatiania,Berks,tberksb@dmoz.org,Female,Administrative Officer
13,Cody,Weine,cweinec@4shared.com,Male,Assistant Manager
14,Vivie,Bernasek,vbernasekd@uol.com.br,Female,Junior Executive
15,Borden,Bleue,bbleuee@devhub.com,Male,Staff Scientist
16,Carma,Nendick,cnendickf@guardian.co.uk,Female,Automation Specialist IV
17,Hamlen,Antham,hanthamg@spotify.com,Male,Health Coach IV
18,Una,Hamelyn,uhamelynh@cmu.edu,Female,Paralegal
19,Sayre,Brugden,sbrugdeni@de.vu,Female,Senior Cost Accountant
20,Issie,Prier,iprierj@flavors.me,Genderfluid,Geological Engineer
21,Norrie,Pyford,npyfordk@studiopress.com,Female,VP Product Management
22,Oran,Castagnier,ocastagnierl@qq.com,Male,Paralegal
23,Kaylee,Gadd,kgaddm@cisco.com,Female,Programmer II
24,Tabby,Wiggans,twiggansn@naver.com,Genderqueer,Computer Systems Analyst I
25,Von,Ruffell,vruffello@addtoany.com,Male,Speech Pathologist
26,Nelli,de Marco,ndemarcop@gmpg.org,Female,Quality Engineer
27,Jaclin,Kingsnorth,jkingsnorthq@histats.com,Female,Senior Cost Accountant
28,Harriet,Chese,hcheser@abc.net.au,Female,Occupational Therapist
29,Steve,Dwyr,sdwyrs@reference.com,Male,Internal Auditor
30,Nancey,McGibbon,nmcgibbont@prweb.com,Female,Speech Pathologist
31,Frederic,Spence,fspenceu@jalbum.net,Male,Junior Executive
32,Rosita,Wickens,rwickensv@amazon.co.jp,Female,VP Product Management
33,Iggie,Ivantyev,iivantyevw@jimdo.com,Male,Human Resources Manager
34,Bobinette,Dumblton,bdumbltonx@businessweek.com,Female,Staff Scientist
35,Archer,McMurdo,amcmurdoy@mlb.com,Male,Quality Control Specialist
36,Larine,Greste,lgrestez@si.edu,Female,Executive Secretary
37,Bard,Spraggs,bspraggs10@google.com.hk,Male,Director of Sales
38,Jule,Foltin,jfoltin11@bbb.org,Male,Project Manager
39,Amery,Lattka,alattka12@businesswire.com,Male,Staff Scientist
40,Ive,Grimmett,igrimmett13@163.com,Male,Software Consultant
41,Ellene,Moyle,emoyle14@bravesites.com,Female,Nuclear Power Engineer
42,Edith,McAdam,emcadam15@ca.gov,Female,Nurse
43,Kippy,Lord,klord16@exblog.jp,Male,Nurse
44,Temp,Fearneley,tfearneley17@gravatar.com,Male,Senior Financial Analyst
45,Mindy,Rings,mrings18@ca.gov,Female,Administrative Assistant I
46,Graham,Blowfelde,gblowfelde19@cocolog-nifty.com,Non-binary,VP Marketing
47,Anna-maria,Sealand,asealand1a@webnode.com,Female,Engineer III
48,Maggie,Dixson,mdixson1b@zimbio.com,Female,Quality Control Specialist
49,Mirabella,Corderoy,mcorderoy1c@domainmarket.com,Female,Health Coach IV
50,Thomasina,Kenwrick,tkenwrick1d@prlog.org,Female,Account Executive
51,Judas,Quarlis,jquarlis1e@multiply.com,Male,VP Product Management
52,Weylin,Pohlke,wpohlke1f@shutterfly.com,Male,Help Desk Technician
53,Quintus,Espine,qespine1g@chron.com,Male,Pharmacist
54,Skyler,De Cleyne,sdecleyne1h@aboutads.info,Male,Human Resources Assistant II
55,Laurens,Skillern,lskillern1i@arstechnica.com,Male,Assistant Manager
56,Kerri,Edensor,kedensor1j@g.co,Female,Human Resources Assistant IV
57,Obediah,Riha,oriha1k@pinterest.com,Male,Account Executive
58,Dorian,Marrow,dmarrow1l@seesaa.net,Male,Senior Financial Analyst
59,Nelli,Larmor,nlarmor1m@shop-pro.jp,Female,Analyst Programmer
60,Theobald,Handscombe,thandscombe1n@sogou.com,Male,Payment Adjustment Coordinator
61,Nissa,Poon,npoon1o@sogou.com,Female,Staff Scientist
62,Briana,Bunston,bbunston1p@tripod.com,Female,Human Resources Assistant II
63,Johannes,Richardes,jrichardes1q@ning.com,Male,Sales Representative
64,Darren,Gatenby,dgatenby1r@bigcartel.com,Male,General Manager
65,Vasily,Stonehewer,vstonehewer1s@msu.edu,Male,Physical Therapy Assistant
66,Carce,Panswick,cpanswick1t@sfgate.com,Male,Food Chemist
67,Kellina,Okeshott,kokeshott1u@furl.net,Female,Quality Control Specialist
68,Ignazio,Greenstreet,igreenstreet1v@blinklist.com,Male,Data Coordinator
69,Sophey,Laughton,slaughton1w@deviantart.com,Female,Structural Engineer
70,Deb,Severn,dsevern1x@constantcontact.com,Female,Nuclear Power Engineer
71,Aggie,Killimister,akillimister1y@berkeley.edu,Female,Junior Executive
72,Thorstein,Jeanet,tjeanet1z@japanpost.jp,Male,Business Systems Development Analyst
73,Hartley,Lawrenson,hlawrenson20@cafepress.com,Male,Quality Control Specialist
74,Ronnie,Willan,rwillan21@un.org,Male,Marketing Assistant
75,Christabella,Tyer,ctyer22@simplemachines.org,Female,Accountant III
76,Ken,Oliphant,koliphant23@yellowbook.com,Male,Professor
77,Harmony,McGiffie,hmcgiffie24@comsenz.com,Female,Account Representative IV
78,Moses,Jikovsky,mjikovsky25@tripod.com,Male,Librarian
79,Isaac,Trace,itrace26@ow.ly,Male,Mechanical Systems Engineer
80,Ysabel,Sperry,ysperry27@springer.com,Agender,Director of Sales
81,Raleigh,King,rking28@chronoengine.com,Male,Senior Sales Associate
82,Duffy,Gonthier,dgonthier29@nasa.gov,Male,Programmer Analyst II
83,Denyse,Bazeley,dbazeley2a@networksolutions.com,Female,Safety Technician III
84,Donaugh,Arrowsmith,darrowsmith2b@lulu.com,Male,Food Chemist
85,Cherilyn,O'Heyne,coheyne2c@parallels.com,Female,Accountant I
86,Fancy,Alam,falam2d@nationalgeographic.com,Female,Help Desk Operator
87,Brody,Tomsett,btomsett2e@dailymail.co.uk,Male,Editor
88,Walt,Schuh,wschuh2f@icio.us,Male,Recruiter
89,Brent,Havelin,bhavelin2g@over-blog.com,Male,Desktop Support Technician
90,Carson,Traves,ctraves2h@flickr.com,Male,Software Test Engineer II
91,Gerik,Gyse,ggyse2i@loc.gov,Male,Mechanical Systems Engineer
92,Franni,Simakov,fsimakov2j@4shared.com,Female,Senior Sales Associate
93,Jon,Burden,jburden2k@smugmug.com,Male,Business Systems Development Analyst
94,Rafaello,Rigg,rrigg2l@msn.com,Male,Senior Editor
95,Ogdan,Dicken,odicken2m@google.ca,Male,General Manager
96,Aloise,Finley,afinley2n@nps.gov,Female,Web Developer IV
97,Doe,Twohig,dtwohig2o@google.ca,Female,Desktop Support Technician
98,Steffie,Gourdon,sgourdon2p@blogspot.com,Genderfluid,Geologist II
99,Jo,Gedney,jgedney2q@myspace.com,Female,Financial Analyst
100,Alric,Casoni,acasoni2r@google.ca,Male,Tax Accountant
